N2_on_food,
N2 on food L_2010_10_21__11_25_23___2___2,
N2 on food L_2011_08_24__12_04___4___7,
N2 on food R_2010_08_20__10_16_59___8___1,
N2 on food R_2015_07_09__15_57_54___4___1,
N2 on food R_2011_10_06__11_32_23___2___3,
N2 on food L_2011_03_28__15_08_28___1___5,
N2 on food L_2015_07_07__15_51_30___5___3,
N2 on food R_2011_06_09__11_06_39___1___3,
N2 on food R_2014_02_04__12_05_20___8___2,
N2 on food L_2015_09_10__11_00_05___5___3,
N2 on food L_2010_10_15__13_02_27___1___7,
N2 on food R_2011_11_10__10_19_42___7___1,
N2 5 on food R_2011_05_26__13_11_08__3,
N2 on food L_2011_04_12__16_17_58___1___11,
N2 on food L_2010_10_28__15_50_45___6___10,
N2 on food R_2010_10_01__11_47_41__1,
N2 on food L_2010_10_27__11_35___3___4,
N2 on food R_2010_10_15__11_47_46___7___3,
N2 on food R_2010_10_15__11_24_13___1___2,
N2 on food R_2011_02_08__12_59_25___2___7,
N2 on food L_2010_10_15__15_56_14__11,
N2 on food R_2013_04_25__12_31_40___3___8,
N2 on food L_2011_06_14__11_09___3___2,
N2 on food L_2010_11_26__15_47_23___8___11,
